{"stats":{"minecraft:picked_up":{"minecraft:wheat_seeds":4,"minecraft:dirt":2},"minecraft:used":{"minecraft:dirt":2},"minecraft:mined":{"minecraft:tall_grass":2,"minecraft:grass":19,"minecraft:grass_block":2},"minecraft:dropped":{"minecraft:wheat_seeds":2},"minecraft:custom":{"minecraft:jump":51,"minecraft:time_since_rest":8338,"minecraft:leave_game":1,"minecraft:damage_dealt":17,"minecraft:crouch_one_cm":14,"minecraft:sprint_one_cm":9632,"minecraft:play_time":8338,"minecraft:damage_taken":120,"minecraft:time_since_death":8338,"minecraft:walk_one_cm":3138,"minecraft:sneak_time":127,"minecraft:total_world_time":8338,"minecraft:drop":1,"minecraft:fall_one_cm":1645,"minecraft:fly_one_cm":116520}},"DataVersion":3465}