{
  "minecraft:recipes/decorations/crafting_table": {
    "criteria": {
      "unlock_right_away": "2024-09-27 20:40:38 +0000"
    },
    "done": true
  },
  "minecraft:adventure/adventuring_time": {
    "criteria": {
      "minecraft:deep_ocean": "2024-09-27 20:43:32 +0000",
      "minecraft:beach": "2024-09-27 20:44:19 +0000",
      "minecraft:river": "2024-09-27 20:45:41 +0000",
      "minecraft:cold_ocean": "2024-09-27 20:43:22 +0000",
      "minecraft:forest": "2024-09-27 20:40:39 +0000",
      "minecraft:ocean": "2024-09-27 20:43:25 +0000",
      "minecraft:old_growth_birch_forest": "2024-09-27 20:44:06 +0000",
      "minecraft:plains": "2024-09-27 20:41:00 +0000"
    },
    "done": false
  },
  "DataVersion": 3465
}